item,name,group,klub_short,district,districtLabel,gender,dob,dobPrecision,psid
Q103056893,Szymon Pogoda,Q108524676,PiS,,,,1985-09-22T00:00:00Z,11,Q103056893-CCF131C3-A1C7-421E-945A-1D5195CE64B0
Q105087004,Łukasz Mejza,Q327591,bezpartyjny,,,male,1991-05-15T00:00:00Z,11,Q105087004-CC35681F-7676-48CA-95E4-283B44EF047B
Q1058052,Cezary Grabarczyk,Q108524655,KO,,,male,1960-04-26T00:00:00Z,11,Q1058052-F6F08991-999A-493D-921D-7927EE67C2C7
Q106702113,Anna Wojciechowska,Q108524655,KO,,,female,1960-02-29T00:00:00Z,11,Q106702113-ddc65498-4721-a98a-28d6-18f444085e91
Q1166028,Dariusz Bąk,Q108524676,PiS,,,male,1958-01-04T00:00:00Z,11,Q1166028-528DFECF-9F27-42C1-8F3F-EF69677B6A3B
Q1166062,Dariusz Rosati,Q108524655,KO,,,male,1946-08-08T00:00:00Z,11,Q1166062-B7984AD1-4A91-46B7-A0B2-2B93F4A16DDE
Q11687458,Bartłomiej Dorywalski,Q108524676,PiS,,,male,1979-08-16T00:00:00Z,11,Q11687458-DA1814AF-77E6-455A-A146-7E3949680146
Q11688652,Borys Budka,Q108524655,KO,,,male,1978-03-11T00:00:00Z,11,Q11688652-60D6CED4-DBE5-4ECA-901B-BDD5AD25019E
Q11688711,Bożena Borys-Szopa,Q108524676,PiS,,,female,1954-03-11T00:00:00Z,11,Q11688711-68D9F0A8-81BA-4C44-895D-0581B9C7C6A0
Q11694886,Dorota Niedziela,Q108524655,KO,,,female,1964-08-20T00:00:00Z,11,Q11694886-6C2FEBE2-BEFA-44C1-AF88-C2716AAEBF1C
Q11702806,Grzegorz Adam Woźniak,Q108524676,PiS,,,male,1968-12-18T00:00:00Z,11,Q11702806-70F6422A-0757-48B6-A0A2-0E4D83F099EE
Q11714567,Iwona Maria Kozłowska,Q108524655,KO,,,female,1963-08-11T00:00:00Z,11,Q11714567-A60C291D-4C00-49E1-85BF-7FB08571368B
Q11714680,Izabela Leszczyna,Q108524655,KO,,,female,1962-09-03T00:00:00Z,11,Q11714680-82B9C606-46DD-40A5-BE01-719F1447D022
Q11714684,Izabela Katarzyna Mrzygłocka,Q108524655,KO,,,female,1959-05-20T00:00:00Z,11,Q11714684-1DF7C9F2-BBBF-4AED-92C1-622F2B995954
Q11715257,Jacek Czerniak,Q108524674,Lewica,,,male,1964-08-30T00:00:00Z,11,Q11715257-D252894A-E8C5-4012-84DC-F34F782D9034
Q11715493,Jacek Osuch,Q108524676,PiS,,,male,1958-08-28T00:00:00Z,11,Q11715493-F2305081-CB12-4497-99F8-1D02A6FF89EA
Q11715524,Jacek Protas,Q108524655,KO,,,male,1964-01-15T00:00:00Z,11,Q11715524-7A30132F-E614-452F-981B-75C19A55804A
Q11715561,Jacek Sasin,Q108524676,PiS,,,male,1969-11-06T00:00:00Z,11,Q11715561-8FE4054C-EF81-4B6B-8A79-48BB49E5B8F6
Q11715706,Jacek Świat,Q108524676,PiS,,,male,1955-12-16T00:00:00Z,11,Q11715706-BB04E35B-C5B1-4D54-BB2C-652881A8A32C
Q11717579,Jan Grabiec,Q108524655,KO,,,male,1972-11-02T00:00:00Z,11,Q11717579-C8ED1B6F-BABA-4CF7-8BA2-A12271AFAE48
Q11718157,Jan Krzysztof Ardanowski,Q108524676,PiS,,,male,1961-02-11T00:00:00Z,11,Q11718157-BAA21438-922E-460E-854D-CB0C19855565
Q11719361,Jan Warzecha,Q108524676,PiS,,,male,1959-04-21T00:00:00Z,11,Q11719361-D5576115-5F46-44CF-93E5-1D2D852A169B
Q11720108,Janusz Cichoń,Q108524655,KO,,,male,1957-01-07T00:00:00Z,11,Q11720108-BA66030F-E744-4AEF-A48E-5D220D880484
Q11724399,Jerzy Borowczak,Q108524655,KO,,,male,1957-11-15T00:00:00Z,11,Q11724399-C6480846-ADBB-4E4C-BCD3-95B631F95D37
Q11727452,Joanna Lichocka,Q108524676,PiS,,,female,1969-11-21T00:00:00Z,11,Q11727452-22F5B0BD-F2F0-4D7E-BB69-C247EEC3434C
Q11738333,Kazimierz Smoliński,Q108524676,PiS,,,male,1955-07-15T00:00:00Z,11,Q11738333-F06DA06E-7485-4E56-B85C-AE87C2151A11
Q11748767,Krystyna Sibińska,Q108524655,KO,,,female,1962-06-12T00:00:00Z,11,Q11748767-4F149D59-3635-4A81-8658-0FE4E6E0D151
Q11749225,Krzysztof Grabczuk,Q108524655,KO,,,male,1962-04-22T00:00:00Z,11,Q11749225-504B5133-9A92-4ECC-A673-20BA9797434D
Q11765480,Maciej Lasek,Q108524655,KO,,,male,1967-06-15T00:00:00Z,11,Q11765480-74A7B8C6-9103-408E-9AAF-CCDB685FCAF8
Q11765509,Maciej Małecki,Q108524676,PiS,,,male,1974-10-09T00:00:00Z,11,Q11765509-13BEFB0C-50DA-403D-998E-472CF896AAED
Q11767619,Marcin Kierwiński,Q108524655,KO,,,male,1976-08-22T00:00:00Z,11,Q11767619-5DA1D328-7DCF-4013-8569-EA6AFF587F21
Q11768108,Marek Dyduch,Q108524674,Lewica,,,male,1957-08-27T00:00:00Z,11,Q11768108-324698F8-2145-44CC-A60A-5F5E317B22F1
Q11768165,Marek Hok,Q108524655,KO,,,male,1953-06-15T00:00:00Z,11,Q11768165-C8816E81-2A88-4C30-8167-F6E57855D274
Q11768254,Marek Krząkała,Q108524655,KO,,,male,1967-10-22T00:00:00Z,11,Q11768254-68BB05B5-65C0-4D47-87F1-9F49DD223043
Q11768433,Marek Rząsa,Q108524655,KO,,,male,1957-10-04T00:00:00Z,11,Q11768433-B27B4B63-A551-4DF5-84F7-DA10AB8C1727
Q11768474,Marek Sowa,Q108524655,KO,,,male,1967-02-04T00:00:00Z,11,Q11768474-056D121F-8357-476A-8E09-E07F66532C74
Q11768599,Marek Zagórski,Q108524676,PiS,,,male,1967-08-06T00:00:00Z,11,Q11768599-C75B416E-9757-4310-AC46-373D56E06369
Q11768918,Maria Małgorzata Janyska,Q108524655,KO,,,female,1962-01-16T00:00:00Z,11,Q11768918-7882A91D-955E-4CB8-AE66-43BA62B1633C
Q11770240,Mariusz Witczak,Q108524655,KO,,,male,1971-04-14T00:00:00Z,11,Q11770240-DE38C926-32D0-4990-AE08-F874031800B8
Q11770976,Marzena Okła-Drewnowicz,Q108524655,KO,,,female,1972-05-20T00:00:00Z,11,Q11770976-DBA647B4-1CD0-49FF-A7A0-626E735D2426
Q11771436,Mateusz Morawiecki,Q108524676,PiS,,,male,1968-06-20T00:00:00Z,11,Q11771436-4B9418F7-7A8E-4640-82AB-14B4C0D2F009
Q11772360,Małgorzata Pępek,Q108524655,KO,,,female,1961-06-10T00:00:00Z,11,Q11772360-FB2D4A9F-7FAF-4645-BEA7-5C3D063B4BF9
Q11772373,Małgorzata Sekuła-Szmajdzińska,Q108524674,Lewica,,,female,1956-04-19T00:00:00Z,11,Q11772373-69942245-DF81-4E88-B44A-358427A7CE3F
Q11778705,Michał Dworczyk,Q108524676,PiS,,,male,1975-07-22T00:00:00Z,11,Q11778705-DAD9D0E2-5CA5-4251-A72B-4D85C287DAA3
Q11778765,Michał Gramatyka,Q108524677,Polska2050,,,male,1971-10-08T00:00:00Z,11,Q11778765-0281A5C2-7394-480B-B1F2-6F9A54EC0CB3
Q11778830,Michał Jaros,Q108524655,KO,,,male,1981-01-26T00:00:00Z,11,Q11778830-B5A2019C-6DB5-4EDC-99AC-56B193DC4383
Q11817234,Piotr Adamowicz,Q108524655,KO,,,male,1961-06-26T00:00:00Z,11,Q11817234-7B47FC93-7BFD-48C4-AFD5-DD68A5290343
Q11817487,Piotr Gliński,Q108524676,PiS,,,male,1954-04-20T00:00:00Z,11,Q11817487-4B139C65-DBB6-4236-A74D-A76282307F77
Q11817602,Piotr Kaleta,Q108524676,PiS,,,male,1968-06-25T00:00:00Z,11,Q11817602-B8698F26-7DDE-4C37-AAB5-A23DAEC87BB6
Q11817962,Piotr Polak,Q108524676,PiS,,,male,1961-01-20T00:00:00Z,11,Q11817962-1923263A-13C1-4289-A397-728955FD9348
Q11818289,Piotr Zgorzelski,Q108524672,KP,,,male,1963-09-17T00:00:00Z,11,Q11818289-45155477-4E38-4AEB-9B96-473D14043952
Q123758,Adam Lipiński,Q108524676,PiS,,,male,1956-09-11T00:00:00Z,11,Q123758-A9C49FCE-E11F-43FB-9046-5DB9B0EAFA02
Q1249225,Marek Sawicki,Q108524672,KP,,,male,1958-04-08T00:00:00Z,11,Q1249225-29665381-8600-4997-B10C-AAD6B64BA8FA
Q1285126,Mirosława Nykiel,Q108524655,KO,,,female,1953-09-23T00:00:00Z,11,Q1285126-BC70889D-FE9D-4C60-9F0C-49546437C84C
Q1374797,Władysław Kosiniak-Kamysz,Q108524672,KP,,,male,1981-08-10T00:00:00Z,11,Q1374797-4AFEBFEF-8E22-454E-91DE-2FAE067783CE
Q1377262,Grzegorz Napieralski,Q108524655,KO,,,male,1974-03-18T00:00:00Z,11,Q1377262-0DDFE780-2F33-4C7C-BD5F-AD85184DAE2B
Q1392390,Jarosław Wałęsa,Q108524655,KO,,,male,1976-09-13T00:00:00Z,11,Q1392390-1640499C-ED97-4AB6-854F-380E3ECAC0B8
Q1408441,Marek Kwitek,Q108524676,PiS,,,male,1961-04-28T00:00:00Z,11,Q1408441-5F39B801-D7F4-4F87-953B-A179EC479815
Q14918608,Piotr Benedykt Zientarski,Q108524655,KO,,,male,1952-04-16T00:00:00Z,11,Q14918608-9E470FB3-E87F-43D7-A621-32B2FC173565
Q159472,Zbigniew Ziobro,Q108524676,PiS,,,male,1970-08-18T00:00:00Z,11,Q159472-CAB4A7CA-1F57-4626-B434-6E93EE83525A
Q1607519,Henryka Krzywonos-Strycharska,Q108524655,KO,,,female,1953-03-27T00:00:00Z,11,Q1607519-612FB67D-1CA8-470C-BBE8-BAE93277B45C
Q164525,Wojciech Saługa,Q108524655,KO,,,male,1969-03-27T00:00:00Z,11,Q164525-46CF574E-C5F2-4147-9B73-E4AFE9AFE2E2
Q16538939,Dariusz Klimczak,Q108524672,KP,,,male,1980-06-17T00:00:00Z,11,Q16538939-0FB3A6DD-23F9-410C-9872-2FDAE1AD802A
Q165616,Jacek Żalek,Q108524676,PiS,,,male,1973-01-13T00:00:00Z,11,Q165616-120F435B-A209-4F64-BF7B-3FB84E91B9A0
Q16562965,Jerzy Wilk,Q108524676,PiS,,,male,1955-03-15T00:00:00Z,11,Q16562965-602A35D8-8959-441D-8D96-1AD0F609F090
Q1665454,Marek Ast,Q108524676,PiS,,,male,1958-09-27T00:00:00Z,11,Q1665454-0AB88B79-EADD-4A83-9917-15907482ECC4
Q1669250,Piotr Babinetz,Q108524676,PiS,,,male,1969-09-09T00:00:00Z,11,Q1669250-FB8A3488-CDE2-4AB7-9650-50C8CBE50F06
Q1676071,Iwona Arent,Q108524676,PiS,,,female,1968-06-04T00:00:00Z,11,Q1676071-266EF709-FD08-449E-9704-6886055C034A
Q1676939,Jacek Protasiewicz,Q108524672,KP,,,male,1967-06-05T00:00:00Z,11,Q1676939-DC3A2073-0BA0-46FA-BE92-4AFBF24EB36C
Q167972,Zbigniew Babalski,Q108524676,PiS,,,male,1953-04-27T00:00:00Z,11,Q167972-0178E63F-EC46-460A-9F03-6F67E1860962
Q168030,Zbigniew Chmielowiec,Q108524676,PiS,,,male,1954-09-22T00:00:00Z,11,Q168030-35D99528-898C-430F-A43B-BC68E5B1F00D
Q168051,Zbigniew Dolata,Q108524676,PiS,,,male,1965-12-01T00:00:00Z,11,Q168051-4844425D-380A-42F4-8153-7319F293ADEC
Q168064,Zbigniew Girzyński,Q108524690,PS,,,male,1973-03-17T00:00:00Z,11,Q168064-068753C8-14A6-4E6E-AE9F-D601FB1232AC
Q1681725,Jan Dziedziczak,Q108524676,PiS,,,male,1981-08-03T00:00:00Z,11,Q1681725-FC9B1539-C263-47C3-AD6C-5E82F36570BB
Q168205,Grzegorz Braun,Q108524680,Konfederacja,,,male,1967-03-11T00:00:00Z,11,Q168205-24DD375C-4190-4A39-B082-DAA6D1453256
Q1683061,Janusz Korwin-Mikke,Q108524680,Konfederacja,,,male,1942-10-27T00:00:00Z,11,Q1683061-98BD9208-F6C3-41CD-9A0F-5DDBE08B0FB8
Q1716183,Monika Wielichowska,Q108524655,KO,,,female,1973-10-04T00:00:00Z,11,Q1716183-7C7DFB6F-3667-43AE-97EC-7032C9A4DF1F
Q1737514,Kazimierz Gwiazdowski,Q108524676,PiS,,,male,1962-06-10T00:00:00Z,11,Q1737514-6352C450-B947-4AA4-A142-9C6C69A2F256
Q1748055,Mariusz Błaszczak,Q108524676,PiS,,,male,1969-09-19T00:00:00Z,11,Q1748055-818FF27E-1AC0-4B51-9883-509D7A9EBD83
Q17544437,Przemysław Czarnecki,Q108524676,PiS,,,male,1983-09-12T00:00:00Z,11,Q17544437-727E5533-16FF-467F-9DE6-5B3738EA54A4
Q17705219,Bartłomiej Wróblewski,Q108524676,PiS,,,male,1975-03-13T00:00:00Z,11,Q17705219-A67A1373-46A4-4BF7-B141-2B4C47AA2554
Q18613937,Urszula Nowogórska,Q108524672,KP,,,female,1978-09-29T00:00:00Z,11,Q18613937-E7A1556E-4C75-4E00-BF39-97D2BCD612B1
Q18613944,Maria Kurowska,Q108524676,PiS,,,female,1954-06-03T00:00:00Z,11,Q18613944-31F72897-C341-433A-A99D-C30E9999D1EB
Q186343,Andrzej Gut-Mostowy,Q108524676,PiS,,,male,1960-10-30T00:00:00Z,11,Q186343-9EAEC3BB-8901-4EB2-8263-719A0CC20434
Q18649957,Mieczysław Baszko,Q108524676,PiS,,,male,1961-06-26T00:00:00Z,11,Q18649957-A48AE91C-3B4A-4611-8DCB-4B37E4D499C3
Q1906523,Marzena Machałek,Q108524676,PiS,,,female,1960-08-29T00:00:00Z,11,Q1906523-C5A65AA7-24D5-4F12-B449-BBE53793CA1C
Q19267935,Hanna Gill-Piątek,Q108524677,Polska2050,,,female,1974-04-13T00:00:00Z,11,Q19267935-1AE8FC83-A0AB-49BB-8D4B-73F9E70B5699
Q19268672,Maciej Gdula,Q108524674,Lewica,,,male,1977-05-20T00:00:00Z,11,Q19268672-A5E161EA-3F5A-4B4E-B364-276CC12BAE2F
Q19269610,Robert Winnicki,Q108524680,Konfederacja,,,male,1985-07-18T00:00:00Z,11,Q19269610-3333DE58-4467-4AB3-810F-CB14F564CF7E
Q19690145,Paweł Bejda,Q108524672,KP,,,male,1962-10-13T00:00:00Z,11,Q19690145-03311C51-7EAF-4A1A-B61C-A5E5ABD7D7FE
Q19690160,Marcin Duszek,Q108524676,PiS,,,male,1982-02-10T00:00:00Z,11,Q19690160-543DB889-8A47-470E-B7B4-3F580C387F51
Q19690174,Jerzy Hardie-Douglas,Q108524655,KO,,,male,1951-02-01T00:00:00Z,11,Q19690174-1C5AB333-E27F-4AB8-A700-66837E02B0AF
Q19690214,Katarzyna Osos,Q108524655,KO,,,female,1980-11-17T00:00:00Z,11,Q19690214-210696C2-5970-4957-A00F-3827A7FAE64F
Q19690215,Krzysztof Paszyk,Q108524672,KP,,,male,1979-04-10T00:00:00Z,11,Q19690215-3D2D1180-EB1A-43D6-883A-974D8E1C8C3A
Q19690234,Dariusz Stefaniuk,Q108524676,PiS,,,male,1981-05-10T00:00:00Z,11,Q19690234-A7A2D7EA-2AA7-48F1-9C93-B4A638EA2F2A
Q20278674,Barbara Nowacka,Q108524655,KO,Q5529401,Gdynia,female,1975-05-10T00:00:00Z,11,Q20278674-8f1ab62d-4a49-2e42-7eed-c77ec21eac78
Q20873946,Małgorzata Tracz,Q108524655,KO,,,female,1985-12-08T00:00:00Z,11,Q20873946-81AC1BE0-A4CE-4EC6-A309-CEF570359D02
Q20900564,Tomasz Kostuś,Q108524655,KO,,,male,1974-03-07T00:00:00Z,11,Q20900564-EB98AD90-0AAE-411D-88C4-F75F971834C6
Q20900566,Gabriela Lenartowicz,Q108524655,KO,,,female,1960-12-12T00:00:00Z,11,Q20900566-04B4695E-5583-42F1-BDA7-CCC3FA4A74CA
Q20900567,Jan Mosiński,Q108524676,PiS,,,male,1956-12-19T00:00:00Z,11,Q20900567-2BDD0D32-2E50-40B5-98F0-405699CEADC2
Q20900575,Urszula Rusecka,Q108524676,PiS,,,female,1966-09-11T00:00:00Z,11,Q20900575-FC886455-BC34-4298-9257-A1BA12242117
Q20900591,Anna Wasilewska,Q108524655,KO,,,female,1958-01-10T00:00:00Z,11,Q20900591-B60A6946-E43D-4C8D-87BA-2558A118010F
Q21157896,Adrian Zandberg,Q108524674,Lewica,,,male,1979-12-04T00:00:00Z,11,Q21157896-F8BF7182-9119-43B1-BA29-53592280DAA3
Q21209286,Małgorzata Wassermann,Q108524676,PiS,,,female,1978-03-16T00:00:00Z,11,Q21209286-DA930AFC-D601-413F-865E-F41CD8204056
Q21231228,Kamila Gasiuk-Pihowicz,Q108524655,KO,,,female,1983-05-08T00:00:00Z,11,Q21231228-8E6AA64A-D265-49E9-9319-4770D3DD0CCD
Q21281995,Zbigniew Ajchler,Q327591,bezpartyjny,,,male,1955-11-21T00:00:00Z,11,Q21281995-B38972BC-D2DE-4600-81FF-EB33D2F8997C
Q21281997,Adam Andruszkiewicz,Q108524676,PiS,,,male,1990-06-30T00:00:00Z,11,Q21281997-EBB41BC5-FFB5-4569-A54A-9D43BF47B337
Q21282002,Ryszard Bartosik,Q108524676,PiS,,,male,1968-01-11T00:00:00Z,11,Q21282002-40BB406D-53FD-4A2C-8887-D5D131A644F1
Q21282008,Joanna Borowiak,Q108524676,PiS,,,female,1967-08-20T00:00:00Z,11,Q21282008-A1AF25A6-1DAC-4304-A5E2-A1500AD83091
Q21282013,Waldemar Buda,Q108524676,PiS,,,male,1982-09-21T00:00:00Z,11,Q21282013-78A15D23-05CC-439D-A29F-606D04C88BF7
Q21282014,Lidia Burzyńska,Q108524676,PiS,,,female,1964-08-27T00:00:00Z,11,Q21282014-6525B8AE-9F02-4DFF-9F8B-D117948E9E90
Q21282015,Małgorzata Chmiel,Q108524655,KO,,,female,1953-05-01T00:00:00Z,11,Q21282015-5921A346-F1B1-414A-B0E8-904CE2F448A6
Q21282017,Michał Cieślak,Q108524676,PiS,,,male,1974-12-09T00:00:00Z,11,Q21282017-02EBF977-75B3-4E0E-B79D-5C36273242C7
Q21282018,Adam Cyrański,Q108524655,KO,,,male,1960-03-29T00:00:00Z,11,Q21282018-07DACF72-4814-4886-835D-B2DC92C8A6FC
Q21282020,Anita Czerwińska,Q108524676,PiS,,,female,1970-01-13T00:00:00Z,11,Q21282020-BB7C1D7C-7463-4F90-A241-3CC703883FDD
Q21282021,Barbara Dolniak,Q108524655,KO,,,female,1960-09-12T00:00:00Z,11,Q21282021-491F062A-9EE5-4977-AB6D-90C3B5A53400
Q21282023,Jan Duda,Q108524676,PiS,,,male,1960-05-17T00:00:00Z,11,Q21282023-123FA14A-D23D-4EDF-841C-DC8067DF23FA
Q21282024,Barbara Dziuk,Q108524676,PiS,,,female,1968-12-02T00:00:00Z,11,Q21282024-519C5C67-D36B-4554-93DD-19CCC2F1619D
Q21282025,Joanna Frydrych,Q108524655,KO,,,female,1978-01-13T00:00:00Z,11,Q21282025-2896EDB4-82AB-4E36-BD20-9B817A43B1AB
Q21282027,Kinga Gajewska,Q108524655,KO,,,female,1990-07-22T00:00:00Z,11,Q21282027-F85993EB-D510-42BD-B6C9-0F78C098C164
Q21282028,Leszek Galemba,Q108524676,PiS,,,male,1966-03-07T00:00:00Z,11,Q21282028-9CED4860-6E0B-498B-8C67-7C272D8FBDD7
Q21282030,Andrzej Gawron,Q108524676,PiS,,,male,1965-01-06T00:00:00Z,11,Q21282030-C2C66A76-A244-4BE8-BE4E-D5D76427208F
Q21282031,Teresa Glenc,Q108524676,PiS,,,female,1958-05-27T00:00:00Z,11,Q21282031-D260C180-3065-4718-BCCC-1EF894667612
Q21282033,Marta Golbik,Q108524655,KO,,,female,1985-04-14T00:00:00Z,11,Q21282033-5D11D470-92D7-47B1-B50C-461CD39398A7
Q21282034,Małgorzata Golińska,Q108524676,PiS,,,female,1980-10-30T00:00:00Z,11,Q21282034-217BF9D0-CFDD-440E-805F-1A482800F60B
Q21282035,Jarosław Gonciarz,Q108524676,PiS,,,male,1970-04-28T00:00:00Z,11,Q21282035-43A22D1E-0DC5-468D-8F15-CB4CD38594D4
Q21282039,Teresa Hałas,Q108524676,PiS,,,female,1953-04-13T00:00:00Z,11,Q21282039-DD28B4B9-7590-40BC-94D8-C9F98AD34D80
Q21282041,Paulina Hennig-Kloska,Q108524677,Polska2050,,,female,1977-10-05T00:00:00Z,11,Q21282041-26E334D0-10AB-4B97-ABDC-C10AE88DFE2F
Q21282042,Marcin Horała,Q108524676,PiS,,,male,1981-10-02T00:00:00Z,11,Q21282042-D1DA646F-FC45-4191-96D5-BC8482B81937
Q21282048,Norbert Kaczmarczyk,Q108524676,PiS,,,male,1989-11-16T00:00:00Z,11,Q21282048-993280BF-939C-477C-B393-9D65C0FE1AAA
Q21282049,Filip Kaczyński,Q108524676,PiS,,,male,1987-11-19T00:00:00Z,11,Q21282049-DCC1288F-B194-416A-B8C0-38FC69964AAB
Q21282056,Ewa Kozanecka,Q108524676,PiS,,,female,1974-05-29T00:00:00Z,11,Q21282056-3B46A351-5099-4BC2-8589-7762852A1729
Q21282058,Jarosław Krajewski,Q108524676,PiS,,,male,1983-03-09T00:00:00Z,11,Q21282058-C0BF30DF-4430-4AD8-9A63-814019B88605
Q21282059,Wiesław Krajewski,Q108524676,PiS,,,male,1964-06-03T00:00:00Z,11,Q21282059-B61E021A-BBFF-4297-82CA-A6B764354E67
Q21282060,Wojciech Król,Q108524655,KO,,,male,1985-04-22T00:00:00Z,11,Q21282060-71109A5D-B591-4B41-8572-C35789C4E03E
Q21282061,Anna Krupka,Q108524676,PiS,,,female,1981-10-30T00:00:00Z,11,Q21282061-172DC30C-A26E-49DE-8CB3-82EDAC680475
Q21282062,Andrzej Kryj,Q108524676,PiS,,,male,1960-06-09T00:00:00Z,11,Q21282062-1CDC32CF-EC44-482D-A617-5082D28A0A47
Q21282066,Krzysztof Kubów,Q108524676,PiS,,,male,1984-07-22T00:00:00Z,11,Q21282066-CDFE2A96-D0E0-4578-AE8A-BDD382A02560
Q21282067,Jakub Kulesza,Q108524680,Konfederacja,,,male,1990-11-12T00:00:00Z,11,Q21282067-8F8C058D-B2BC-4429-8D7B-A538664C0879
Q21282069,Anna Kwiecień,Q108524676,PiS,,,female,1964-04-30T00:00:00Z,11,Q21282069-15877E59-E774-4F8F-9826-6704372271BE
Q21282073,Paweł Lisiecki,Q108524676,PiS,,,male,1978-08-15T00:00:00Z,11,Q21282073-F50F7E5D-2167-4288-8F87-2B458F118B14
Q21282074,Radosław Lubczyk,Q108524672,KP,,,male,1978-07-18T00:00:00Z,11,Q21282074-B6DBCAAC-C9A4-44D5-9CAE-54745EA98295
Q21282075,Katarzyna Lubnauer,Q108524655,KO,,,female,1969-07-24T00:00:00Z,11,Q21282075-B210244F-5D0C-4793-9087-E6D19BE0C256
Q21282077,Tomasz Ławniczak,Q108524676,PiS,,,male,1961-08-03T00:00:00Z,11,Q21282077-5C59018B-28C5-4B1D-BB50-FC5FA1142E6A
Q21282082,Jerzy Małecki,Q108524676,PiS,,,male,1972-04-23T00:00:00Z,11,Q21282082-F82E09F3-0FD5-4EAD-B6C8-B39F80C07517
Q21282083,Arkadiusz Marchewka,Q108524655,KO,,,male,1986-01-18T00:00:00Z,11,Q21282083-4D765F4B-EF2C-400D-BA79-43411092B7D2
Q21282085,Beata Mateusiak-Pielucha,Q108524676,PiS,,,female,1963-04-23T00:00:00Z,11,Q21282085-EF01B438-46B8-43E4-A62B-5BAF0779FA21
Q21282087,Iwona Michałek,Q108524679,Porozumienie,,,female,1956-03-13T00:00:00Z,11,Q21282087-6DB2F363-CFCC-4B62-9F96-140F00108A7C
Q21282088,Krzysztof Mieszkowski,Q108524655,KO,,,male,1956-05-19T00:00:00Z,11,Q21282088-C5638D0C-95DB-45E8-BCA6-9A96D7C91721
Q21282090,Daniel Milewski,Q108524676,PiS,,,male,1989-11-22T00:00:00Z,11,Q21282090-5F783AA1-2FDF-4E59-98D3-750CBE527C00
Q21282094,Aleksander Mrówczyński,Q108524676,PiS,,,male,1953-12-09T00:00:00Z,11,Q21282094-48D7B346-6D6A-48F4-9DEB-BB5BC757F3DD
Q21282097,Arkadiusz Myrcha,Q108524655,KO,,,male,1984-02-01T00:00:00Z,11,Q21282097-004F1A02-F61C-4C84-A2B1-1446FAB23C92
Q21282102,Jerzy Paul,Q108524676,PiS,,,male,1972-11-08T00:00:00Z,11,Q21282102-4B42C038-A1C6-4D72-AC19-8BC9D4DDD2C2
Q21282109,Grzegorz Puda,Q108524676,PiS,,,male,1982-07-13T00:00:00Z,11,Q21282109-BE4DC387-9EA6-4E8C-8424-26586703B170
Q21282113,Monika Rosa,Q108524655,KO,,,female,1986-04-24T00:00:00Z,11,Q21282113-A36577B1-16C0-478F-8AEB-D910257B6392
Q21282116,Tomasz Rzymkowski,Q108524676,PiS,,,male,1986-07-31T00:00:00Z,11,Q21282116-025526C3-9449-4AF9-AAD1-CE186E602447
Q21282117,Jarosław Sachajko,Q108524687,Kukiz15,,,male,1971-08-08T00:00:00Z,11,Q21282117-EB8E5F86-F599-4569-9551-6E675205EEB7
Q21282118,Joanna Scheuring-Wielgus,Q108524674,Lewica,,,female,1972-02-08T00:00:00Z,11,Q21282118-13292E29-4EFB-4988-A61C-4F59CA83B111
Q21282119,Anna Schmidt,Q108524676,PiS,,,female,1978-11-11T00:00:00Z,11,Q21282119-1ECDC758-FDE3-471F-9855-E5FAD435CB9F
Q21282120,Łukasz Schreiber,Q108524676,PiS,,,male,1987-05-26T00:00:00Z,11,Q21282120-432D40EF-49D9-4AB7-B46C-822B15AFE140
Q21282121,Anna Maria Siarkowska,Q108524676,PiS,,,female,1982-03-23T00:00:00Z,11,Q21282121-4058EB53-5614-4E26-8E03-D0C1ADBB9198
Q21282124,Artur Soboń,Q108524676,PiS,,,male,1977-03-13T00:00:00Z,11,Q21282124-42C40F54-9E33-4ECE-BE9A-C7C340285D2A
Q21282125,Mirosława Stachowiak-Różecka,Q108524676,PiS,,,female,1973-07-08T00:00:00Z,11,Q21282125-86402CC4-329C-410D-92E0-144CF5F42E00
Q21282129,Mirosław Suchoń,Q108524677,Polska2050,,,male,1976-01-10T00:00:00Z,11,Q21282129-252ECB2C-5F92-48CA-BBD6-1EC327238BB7
Q21282130,Artur Szałabawka,Q108524676,PiS,,,male,1967-10-03T00:00:00Z,11,Q21282130-31E3906D-A8ED-4317-A887-745EC1292517
Q21282131,Józefa Szczurek-Żelazko,Q108524676,PiS,,,female,1961-03-14T00:00:00Z,11,Q21282131-B9904B76-6AB3-4AE4-931D-D8AC0DE9C909
Q21282132,Paweł Szefernaker,Q108524676,PiS,,,male,1987-02-27T00:00:00Z,11,Q21282132-7D153F53-FF22-4435-AB6A-EDC8D4A6A4DB
Q21282134,Adam Szłapka,Q108524655,KO,,,male,1984-12-06T00:00:00Z,11,Q21282134-8AB2CE5F-DDC7-47ED-B731-36C86F73DC68
Q21282135,Paweł Szramka,Q108524690,PS,,,male,1989-06-18T00:00:00Z,11,Q21282135-317ABBF9-D45F-4AF7-BBA7-3AD30F554617
Q21282136,Krzysztof Szulowski,Q108524676,PiS,,,male,1963-05-25T00:00:00Z,11,Q21282136-29DB4D3D-F9E5-41EE-B575-43D7F93E1C34
Q21282139,Ewa Szymańska,Q108524676,PiS,,,female,1952-04-24T00:00:00Z,11,Q21282139-04533ABC-1FF1-4727-951A-749898CEF248
Q21282140,Szymon Szynkowski vel Sęk,Q108524676,PiS,,,male,1982-11-24T00:00:00Z,11,Q21282140-F8CAE533-BE7B-4F2E-953D-74A551DE8922
Q21282142,Agnieszka Ścigaj,Q108524690,PS,,,female,1975-12-22T00:00:00Z,11,Q21282142-F86A8B6C-A51F-4BB0-B1E2-994400DB1FC2
Q21282143,Dominik Tarczyński,Q108524676,PiS,,,male,1979-03-27T00:00:00Z,11,Q21282143-F870B5E6-2101-4BAF-9F21-DAB76E129AFB
Q21282145,Krzysztof Truskolaski,Q108524655,KO,,,male,1990-07-25T00:00:00Z,11,Q21282145-B474AC85-05E2-4297-8F95-1A572D2F49C0
Q21282146,Sylwester Tułajew,Q108524676,PiS,,,male,1981-12-30T00:00:00Z,11,Q21282146-A08020C7-40E0-44CD-B703-72B2A4E99854
Q21282147,Stanisław Tyszka,Q108524687,Kukiz15,,,male,1979-04-11T00:00:00Z,11,Q21282147-322490D9-8FE6-425F-9849-B199E61BBFB1
Q21282149,Piotr Uruski,Q108524676,PiS,,,male,1976-08-11T00:00:00Z,11,Q21282149-C538EEBE-D38C-4421-B5F9-F794F8483697
Q21282151,Piotr Uściński,Q108524676,PiS,,,male,1977-05-20T00:00:00Z,11,Q21282151-D2B54726-CF3D-4165-8BE0-FCCB05C80C1A
Q21282152,Robert Warwas,Q108524676,PiS,,,male,1976-08-13T00:00:00Z,11,Q21282152-848F2A9C-6378-455E-9209-3A6AA969F302
Q21282153,Maciej Wąsik,Q108524676,PiS,,,male,1969-10-16T00:00:00Z,11,Q21282153-03D77C78-111B-42EF-8B89-DB144C4138BF
Q21282155,Rafał Weber,Q108524676,PiS,,,male,1981-09-01T00:00:00Z,11,Q21282155-E7E7408E-7758-43A9-8D0D-25F74A55AABE
Q21282160,Witold Zembaczyński,Q108524655,KO,,,male,1980-12-28T00:00:00Z,11,Q21282160-56D4E63F-5E46-4C6D-8183-10E44F6D24E5
Q21282162,Ireneusz Zyska,Q108524676,PiS,,,male,1969-08-05T00:00:00Z,11,Q21282162-7C70B567-DEF1-40F5-B9A2-A2A0983D033F
Q21288049,Elżbieta Duda,Q108524676,PiS,,,female,1962-11-20T00:00:00Z,11,Q21288049-3DAB5121-5D69-4843-B099-B3A07BB2AAFB
Q21288053,Jacek Kurzępa,Q108524676,PiS,,,male,1961-10-05T00:00:00Z,11,Q21288053-2E46D434-F2C5-4821-AD73-A828FA168EEE
Q21440613,Anna Ewa Cicholska,Q108524676,PiS,,,female,1962-02-07T00:00:00Z,11,Q21440613-DA924261-E95E-4EDD-8901-E75F3AE76493
Q21440637,Marcin Porzucek,Q108524676,PiS,,,male,1984-07-20T00:00:00Z,11,Q21440637-9F349E41-7D6A-4A2E-BC46-524B38C34457
Q21524707,Krzysztof Gawkowski,Q108524674,Lewica,,,male,1980-04-11T00:00:00Z,11,Q21524707-0dfba9c2-46e5-bf69-e28c-36d6274fba63
Q2165280,Romuald Ajchler,Q108524674,Lewica,,,male,1949-01-19T00:00:00Z,11,Q2165280-F302DB8B-D1E3-46F1-9E32-4C3EA69C9F47
Q21822538,Jadwiga Emilewicz,Q108524676,PiS,,,female,1974-08-27T00:00:00Z,11,Q21822538-F8075C77-19D1-4B36-8035-C7F1F08CB885
Q21872504,Radosław Fogiel,Q108524676,PiS,,,male,1982-02-16T00:00:00Z,11,Q21872504-CE381339-5526-4F22-B384-CDE59CD46D3C
Q22060880,Rafał Bochenek,Q108524676,PiS,,,male,1986-08-14T00:00:00Z,11,Q22060880-830ACF1E-35C6-4BCB-9126-2009AD939285
Q222905,Jarosław Gowin,Q108524679,Porozumienie,,,male,1961-12-04T00:00:00Z,11,Q222905-9C879962-4BC2-4351-94B7-E840D66F8934
Q22350989,Marcin Warchoł,Q108524676,PiS,,,male,1980-07-13T00:00:00Z,11,Q22350989-06019039-0533-4C1D-92DA-BA23AA25EA15
Q22350992,Przemysław Czarnek,Q108524676,PiS,,,male,1977-06-11T00:00:00Z,11,Q22350992-C49F287A-EBBA-4B4B-91A6-9F1A1ACB9F2C
Q22350993,Katarzyna Czochara,Q108524676,PiS,,,female,1969-11-03T00:00:00Z,11,Q22350993-44BEA0F3-9FA8-4707-859B-691C93E0AE22
Q22350994,Paweł Hreniak,Q108524676,PiS,,,male,1979-09-09T00:00:00Z,11,Q22350994-A791FAB0-6316-4567-B372-A68013B7A4FE
Q22350996,Ewa Leniart,Q108524676,PiS,,,female,1976-08-27T00:00:00Z,11,Q22350996-B1BB6B01-F1E4-42C1-AE1F-F818BC70E040
Q22350997,Waldemar Olejniczak,Q108524676,PiS,,,male,1961-12-09T00:00:00Z,11,Q22350997-D9E4BDF3-7A79-4B56-9726-D530ED585E1B
Q22351000,Zdzisław Sipiera,Q108524676,PiS,,,male,1959-10-27T00:00:00Z,11,Q22351000-9F8C064D-99FB-43A3-99B6-0AF670F72DC1
Q24427754,Agata Katarzyna Wojtyszek,Q108524676,PiS,,,female,1967-10-23T00:00:00Z,11,Q24427754-71AF92E5-0EB3-45D2-9523-3D7C21F29F07
Q255963,Lech Kołakowski,Q108524676,PiS,,,male,1963-06-13T00:00:00Z,11,Q255963-B8700BCA-5A06-4F7A-9B17-14605944BEF5
Q256891,Joanna Fabisiak,Q108524655,KO,,,female,1950-07-07T00:00:00Z,11,Q256891-AE981CBE-E150-4D71-B812-72A76A58CF7E
Q2569625,Wiesław Janczyk,Q108524676,PiS,,,male,1964-04-07T00:00:00Z,11,Q2569625-E982B769-E82A-449E-AE8E-CCF82FF59D32
Q275644,Katarzyna Maria Piekarska,Q108524655,KO,,,female,1967-09-23T00:00:00Z,11,Q275644-D79DD57A-3D1D-4925-A7C1-EBCC91FF39D2
Q275679,Joanna Senyszyn,Q108524674,Lewica,,,female,1949-02-01T00:00:00Z,11,Q275679-4B3C2FC6-D156-4246-BCB0-74FF80B8891E
Q27998784,Agnieszka Dziemianowicz-Bąk,Q108524674,Lewica,,,female,1984-01-20T00:00:00Z,11,Q27998784-104001f1-49e5-ebe0-3124-9bc632a22ab4
Q28123976,Krzysztof Śmiszek,Q108524674,Lewica,,,male,1979-08-25T00:00:00Z,11,Q28123976-c27c5dd8-4add-21f7-e6a9-e1968b006f01
Q28744997,Małgorzata Janowska,Q108524676,PiS,,,female,1977-01-29T00:00:00Z,11,Q28744997-4F258791-4C96-4027-89FD-E623009B3FDB
Q293305,Gabriela Masłowska,Q108524676,PiS,,,female,1950-06-27T00:00:00Z,11,Q293305-0D8948C0-9C54-4F4D-9148-DF0A99EC76A3
Q30045841,Marta Kubiak,Q108524676,PiS,,,female,1985-09-21T00:00:00Z,11,Q30045841-5FF1A334-598E-4F85-931F-3B77C8B7D0C3
Q30231721,Piotr Wawrzyk,Q108524676,PiS,,,male,1967-12-12T00:00:00Z,11,Q30231721-0695B978-DC26-49C5-843C-17196D7BA034
Q327449,Michał Jach,Q108524676,PiS,,,male,1951-09-23T00:00:00Z,11,Q327449-47F104F5-3471-4EAA-9DB5-B4CE54855B14
Q327512,Tomasz Głogowski,Q108524655,KO,,,male,1974-12-30T00:00:00Z,11,Q327512-B70B40CF-26CE-46F0-817D-E4BC6D9C864A
Q327641,Kazimierz Gołojuch,Q108524676,PiS,,,male,1964-02-05T00:00:00Z,11,Q327641-58AD8EC7-2BAD-4A46-A1C8-48A1F5359A3C
Q327673,Tomasz Piotr Nowak,Q108524655,KO,,,male,1956-12-22T00:00:00Z,11,Q327673-7CB80484-F599-472A-BFCF-12E69B255D99
Q327678,Jerzy Bielecki,Q108524676,PiS,,,male,1969-11-19T00:00:00Z,11,Q327678-F1A875C4-CA35-4960-BD10-CCAE2BBEAF62
Q327687,Krzysztof Czarnecki,Q108524676,PiS,,,male,1957-10-25T00:00:00Z,11,Q327687-4551F708-ABAA-45AB-8F90-964AB65C042D
Q328620,Szymon Giżyński,Q108524676,PiS,,,male,1956-03-08T00:00:00Z,11,Q328620-8B2CA20A-A176-49C6-976B-5B1ADADF8379
Q329262,Janusz Śniadek,Q108524676,PiS,,,male,1955-05-26T00:00:00Z,11,Q329262-AD7639D6-D090-4CA2-B0EB-9FC585D3ADB5
Q349478,Adam Gawęda,Q108524676,PiS,,,male,1967-11-03T00:00:00Z,11,Q349478-8C5CB55D-4908-4A74-A360-B6B6EA95EEA6
Q362851,Grzegorz Schetyna,Q108524655,KO,,,male,1963-02-18T00:00:00Z,11,Q362851-DB4769BC-5CDC-4FF3-83CE-AFF2E822EC35
Q363696,Tadeusz Aziewicz,Q108524655,KO,,,male,1960-10-31T00:00:00Z,11,Q363696-08142B13-2CEF-4F01-B532-5CD4FE32D109
Q364643,Marek Biernacki,Q108524672,KP,,,male,1959-04-28T00:00:00Z,11,Q364643-E74FC1C2-D26B-495E-8397-12C587B0D04F
Q376732,Wiesław Szczepański,Q108524674,Lewica,,,male,1960-06-01T00:00:00Z,11,Q376732-2EE54444-3C8F-4DBB-BD76-CB44096458F6
Q376758,Waldemar Andzel,Q108524676,PiS,,,male,1971-09-17T00:00:00Z,11,Q376758-0094C919-715B-4D28-AECB-B773FC01BC1D
Q376840,Tadeusz Tomaszewski,Q108524674,Lewica,,,male,1959-02-21T00:00:00Z,11,Q376840-26F8AFA2-4FA0-409B-BD02-1892BBA4DF3D
Q381551,Witold Czarnecki,Q108524676,PiS,,,male,1953-04-12T00:00:00Z,11,Q381551-7831E81E-891D-4EC9-A7F7-60290622FED8
Q381575,Andrzej Adamczyk,Q108524676,PiS,,,male,1959-01-04T00:00:00Z,11,Q381575-6067069B-9864-4BF3-9043-631CEF9BD4AB
Q382446,Tadeusz Cymański,Q108524676,PiS,,,male,1955-06-06T00:00:00Z,11,Q382446-DDD2E70F-C59F-43D2-BDF9-1894C217ADA9
Q382467,Bogusław Wontor,Q108524674,Lewica,,,male,1967-09-29T00:00:00Z,11,Q382467-586A7338-0D98-4C98-81DC-3533326D60CA
Q382639,Arkadiusz Czartoryski,Q108524676,PiS,,,male,1966-04-14T00:00:00Z,11,Q382639-2608B80F-5E19-4A6C-B852-54B3D457244E
Q382842,Czesław Hoc,Q108524676,PiS,,,male,1954-02-22T00:00:00Z,11,Q382842-2BC578B7-B35A-4F1C-8EEB-F290249D5FA2
Q3845166,Mariusz Kamiński,Q108524676,PiS,,,male,1965-09-25T00:00:00Z,11,Q3845166-68E16432-84B9-46E3-A94A-86D7DDC98BA1
Q394886,Agnieszka Hanajczyk,Q108524655,KO,,,female,1963-01-12T00:00:00Z,11,Q394886-984ED1F4-FCD5-46D4-B373-0CF7C2B67B5F
Q394899,Agnieszka Pomaska,Q108524655,KO,,,female,1980-01-08T00:00:00Z,11,Q394899-9DAD6B97-7018-4231-95AE-44B6EC864AFF
Q432053,Tomasz Latos,Q108524676,PiS,,,male,1964-03-08T00:00:00Z,11,Q432053-66F82AE1-9E6D-4940-A50B-B06FDB631C14
Q432068,Marek Matuszewski,Q108524676,PiS,,,male,1959-08-14T00:00:00Z,11,Q432068-0BFA7AC8-BB07-4513-B691-610459AC5CEB
Q432110,Henryk Kowalczyk,Q108524676,PiS,,,male,1956-07-15T00:00:00Z,11,Q432110-89653AF2-8E5F-4078-9D88-7555A69C4484
Q432123,Kazimierz Matuszny,Q108524676,PiS,,,male,1960-03-04T00:00:00Z,11,Q432123-2FC6C0E1-31D1-45F1-9678-4DED4145BEE4
Q432149,Leonard Krasulski,Q108524676,PiS,,,male,1950-11-08T00:00:00Z,11,Q432149-649D0BE5-3EC3-4FA2-AD45-5F0C4CCA281D
Q432173,Krzysztof Lipiec,Q108524676,PiS,,,male,1959-10-11T00:00:00Z,11,Q432173-E129B2E3-EF72-4683-94A2-642A6B0F9CFD
Q432207,Jerzy Materna,Q108524676,PiS,,,male,1956-03-25T00:00:00Z,11,Q432207-D7443FA9-F3CC-46CB-8CC0-C7AA516B15FC
Q432215,Paweł Kowal,Q108524655,KO,,,male,1975-07-22T00:00:00Z,11,Q432215-06B7940D-D500-4E37-BD5A-15F7BFA1614F
Q432482,Ewa Malik,Q108524676,PiS,,,female,1961-01-11T00:00:00Z,11,Q432482-5E696BA5-29A3-4255-8381-30A08B2A5610
Q432761,Kazimierz Moskal,Q108524676,PiS,,,male,1962-02-02T00:00:00Z,11,Q432761-9F898F56-7F22-482B-B7F1-7E8B5CC456DB
Q432867,Arkadiusz Mularczyk,Q108524676,PiS,,,male,1971-02-04T00:00:00Z,11,Q432867-5FFFC25D-E9BD-4786-BFA4-4F2DAB5B3665
Q434030,Krystyna Skowrońska,Q108524655,KO,,,female,1954-07-22T00:00:00Z,11,Q434030-399A2160-829A-48F0-BCBA-D50B550D5CCA
Q439058,Joanna Mucha,Q108524677,Polska2050,,,female,1976-04-12T00:00:00Z,11,Q439058-8C11DE3D-B58D-4E84-A974-A23B8B138E0D
Q4409956,Killion Munyama,Q108524655,KO,,,male,1961-07-10T00:00:00Z,11,Q4409956-F5E66BDE-FA78-41B0-9FD7-7B79371E76A1
Q441607,Robert Tyszkiewicz,Q108524655,KO,,,male,1963-06-07T00:00:00Z,11,Q441607-6108DB8E-A7F1-46AD-A61E-4C09C952099C
Q441616,Jarosław Urbaniak,Q108524655,KO,,,male,1966-08-07T00:00:00Z,11,Q441616-33DACD86-E2AC-4399-8B67-92082AD91788
Q449484,Tadeusz Zwiefka,Q108524655,KO,,,male,1954-12-28T00:00:00Z,11,Q449484-266AD547-613D-481C-AD47-2A8C2D2405E9
Q456007,Krystyna Szumilas,Q108524655,KO,,,female,1956-06-28T00:00:00Z,11,Q456007-62A753F8-91CE-4D00-8C0B-77750F8422B7
Q461556,Joanna Kluzik-Rostkowska,Q108524655,KO,,,female,1963-12-14T00:00:00Z,11,Q461556-4FD45E7A-0884-432F-834E-79141712EEA4
Q462043,Jakub Rutnicki,Q108524655,KO,,,male,1978-12-03T00:00:00Z,11,Q462043-DB7EA0CA-9593-485B-A89C-64B0889832A5
Q465497,Ireneusz Raś,Q108524672,KP,,,male,1972-09-30T00:00:00Z,11,Q465497-9E203F51-E202-495B-AD10-288316FE6686
Q466766,Kazimierz Plocke,Q108524655,KO,,,male,1958-05-03T00:00:00Z,11,Q466766-5FB340AA-EE42-4C26-A288-A82A695C226C
Q4679581,Adam Ołdakowski,Q108524676,PiS,,,male,1955-12-25T00:00:00Z,11,Q4679581-BBB5171B-44A6-459D-8297-3237E472213E
Q47151909,Łukasz Szumowski,Q108524676,PiS,,,male,1972-06-03T00:00:00Z,11,Q47151909-46C4536B-DE24-44D5-9D85-EE1DF476222F
Q47484353,Marcelina Zawisza,Q108524674,Lewica,,,female,1989-05-03T00:00:00Z,11,Q47484353-8AAAA675-5D3A-410F-882C-0AC2D75DF64E
Q4759608,Andrzej Grzyb,Q108524672,KP,,,male,1956-08-23T00:00:00Z,11,Q4759608-C0D3BBE3-460D-48F9-815A-265639236D28
Q4759634,Andrzej Kosztowniak,Q108524676,PiS,,,male,1976-03-31T00:00:00Z,11,Q4759634-519FF9B8-98C4-4A2C-8EF5-BFEA7C860AF0
Q4759710,Andrzej Sośnierz,Q108524690,PS,,,male,1951-05-08T00:00:00Z,11,Q4759710-0846BC33-0235-4E3C-8A54-65C7F2F698DA
Q4759713,Andrzej Szewiński,Q108524655,KO,,,male,1970-02-20T00:00:00Z,11,Q4759713-AB9A5700-C17B-492D-A776-DBB19567F7B4
Q4759715,Andrzej Szejna,Q108524674,Lewica,,,male,1973-04-28T00:00:00Z,11,Q4759715-3EC13D41-D30E-463E-AFA0-5AF7476B2A46
Q4759716,Andrzej Szlachta,Q108524676,PiS,,,male,1947-01-19T00:00:00Z,11,Q4759716-999B07BB-AA21-46D8-8208-FE0AD2330910
Q4767398,Anna Paluch,Q108524676,PiS,,,female,1960-03-31T00:00:00Z,11,Q4767398-236AEEE8-1C99-4162-AD79-79EF7591E0E9
Q48842268,Mariusz Trepka,Q108524676,PiS,,,male,1967-01-06T00:00:00Z,11,Q48842268-7EA3B402-287D-4662-BBDD-62CC66F0D47F
Q48842537,Marlena Magdalena Maląg,Q108524676,PiS,,,female,1964-11-02T00:00:00Z,11,Q48842537-8CD49826-60A3-4F7A-B38B-2DFCCAE6CC19
Q48842557,Violetta Porowska,Q108524676,PiS,,,female,1968-08-06T00:00:00Z,11,Q48842557-2A2B5B40-A550-4C84-9F1A-D63A0E1C8FB8
Q48852322,Michał Woś,Q108524676,PiS,,,male,1991-02-08T00:00:00Z,11,Q48852322-8487522D-B5EB-46A7-BA62-0E1877DF85F4
Q48862378,Piotr Müller,Q108524676,PiS,,,male,1989-05-02T00:00:00Z,11,Q48862378-209671A7-1403-4C63-8A50-90DF1AA38A29
Q48864253,Dobromir Sośnierz,Q108524680,Konfederacja,,,male,1976-10-18T00:00:00Z,11,Q48864253-3435FD83-56A1-43DB-877D-851903B71E0C
Q4937934,Bogusław Sonik,Q108524655,KO,,,male,1953-12-03T00:00:00Z,11,Q4937934-D2DE2F04-6A95-4FD2-99B4-FD6B9F00460E
Q4939261,Bolesław Piecha,Q108524676,PiS,,,male,1954-09-19T00:00:00Z,11,Q4939261-5ED215EB-20EF-4B4C-92C7-8FDED41FCBB8
Q505776,Sławomir Jan Piechota,Q108524655,KO,,,male,1960-01-01T00:00:00Z,11,Q505776-AEAB68C9-340E-42F3-B6DB-F722D3E8B975
Q506776,Paweł Olszewski,Q108524655,KO,,,male,1979-12-11T00:00:00Z,11,Q506776-515DCE3F-2096-4192-88AA-5A278772086F
Q513719,Wanda Nowicka,Q108524674,Lewica,,,female,1956-11-21T00:00:00Z,11,Q513719-4C5CBB57-7758-4057-8C0B-C4D352F6608B
Q515478,Andrzej Rozenek,Q108524674,Lewica,,,male,1969-03-17T00:00:00Z,11,Q515478-BE3CD634-C187-4A1E-86E9-4DCB12B1EB3B
Q5202126,Czesław Mroczek,Q108524655,KO,,,male,1964-07-20T00:00:00Z,11,Q5202126-2C16C4AE-A787-4BD4-B1ED-FE4338B2D161
Q5213246,Bartłomiej Sienkiewicz,Q108524655,KO,,,male,1961-07-29T00:00:00Z,11,Q5213246-B995B886-BD25-4E66-B823-B8A8A1BEE752
Q5223017,Dariusz Olszewski,Q108524676,PiS,,,male,1967-11-26T00:00:00Z,11,Q5223017-BC8A3514-B2C3-4E85-A79C-500E6E69C29E
Q5290999,Dominika Chorosińska,Q108524676,PiS,,,female,1978-12-28T00:00:00Z,11,Q5290999-EE69CCA6-67C2-469A-9E87-B826DAE6BE37
Q531188,Jolanta Fedak,Q108524672,KP,,,female,1960-09-21T00:00:00Z,11,Q531188-54DF8926-E7FE-4279-BA2A-79B94199E10B
Q5345327,Edward Siarka,Q108524676,PiS,,,male,1963-07-07T00:00:00Z,11,Q5345327-D28791D4-E9F8-4B2D-8970-7E3F27E9398C
Q5368714,Elżbieta Gelert,Q108524655,KO,,,female,1955-04-22T00:00:00Z,11,Q5368714-C8115C7C-CC57-4E4D-9019-1D7356A5DCA7
Q5368729,Elżbieta Witek,Q108524676,PiS,,,female,1957-12-17T00:00:00Z,11,Q5368729-394C01CC-993D-40EF-9FAA-B6685201A42B
Q5423758,Krzysztof Bosak,Q108524680,Konfederacja,,,male,1982-06-13T00:00:00Z,11,Q5423758-7308B918-70DA-4F04-AFD0-D986F3D30042
Q5428271,Paweł Zalewski,Q327591,bezpartyjny,,,male,1964-09-25T00:00:00Z,11,Q5428271-0FF01904-BD23-4949-B194-CF7758C5A24F
Q55391464,Marcin Ociepa,Q108524676,PiS,,,male,1984-10-21T00:00:00Z,11,Q55391464-CDA35B28-FD06-46C7-88DE-CF9E9947EDB4
Q55391774,Fryderyk Kapinos,Q108524676,PiS,,,male,1961-12-31T00:00:00Z,11,Q55391774-71B12C21-DC82-4C34-BEC0-034DECDBD966
Q56338906,Tomasz Zieliński,Q108524676,PiS,,,male,1967-07-20T00:00:00Z,11,Q56338906-6CA7232C-CB31-4B08-BD3B-4FEF0F2F46DE
Q570159,Piotr Borys,Q108524655,KO,,,male,1976-01-11T00:00:00Z,11,Q570159-B7209F74-F147-42EE-B8A2-BB6CF2BA107E
Q570288,Michał Szczerba,Q108524655,KO,,,male,1977-12-14T00:00:00Z,11,Q570288-5F8068D6-E38D-496A-B369-BCB75EA6892A
Q597698,Antoni Macierewicz,Q108524676,PiS,,,male,1948-08-03T00:00:00Z,11,Q597698-EF8497B0-AB41-49C7-BC09-E595F8F8C1B1
Q602861,Rafał Grupiński,Q108524655,KO,,,male,1952-09-26T00:00:00Z,11,Q602861-8A4DB8E9-B988-4073-AA67-8BC96BA54F3F
Q60833165,Kamil Bortniczuk,Q108524676,PiS,,,male,1983-06-11T00:00:00Z,11,Q60833165-A12B63FC-DD09-4DCC-9CCA-4143A59A2BBD
Q60833401,Grzegorz Lorek,Q108524676,PiS,,,male,1970-10-31T00:00:00Z,11,Q60833401-38C636B6-7523-4611-AE35-4E2ADA74239E
Q60833803,Marcin Gwóźdź,Q108524676,PiS,,,male,1977-12-14T00:00:00Z,11,Q60833803-D02AD527-D1F7-49AB-A7D3-6962997719D9
Q60834225,Jarosław Rzepa,Q108524672,KP,,,male,1972-08-22T00:00:00Z,11,Q60834225-2A44C275-22E4-4002-BF77-797C6F43C07D
Q60834445,Paweł Rychlik,Q108524676,PiS,,,male,1986-12-16T00:00:00Z,11,Q60834445-79CFD5C7-9861-401A-A667-210075FDBA40
Q60834523,Sławomir Skwarek,Q108524676,PiS,,,male,1963-11-25T00:00:00Z,11,Q60834523-DE96C4F3-D425-4524-93F3-E67CF00D1201
Q60834547,Danuta Nowicka,Q108524676,PiS,,,female,1951-07-20T00:00:00Z,11,Q60834547-628341B4-95EB-41C6-B9C0-B2E3CA836E94
Q6110658,Jacek Tomczak,Q108524672,KP,,,male,1973-07-27T00:00:00Z,11,Q6110658-DD089560-E57A-4982-B8EC-C13C8E351D43
Q6158899,Marek Opioła,Q108524676,PiS,,,male,1976-09-24T00:00:00Z,11,Q6158899-43BCA2BE-5B70-4D4A-B304-064C13F465A0
Q6160839,Jarosław Sellin,Q108524676,PiS,,,male,1963-05-01T00:00:00Z,11,Q6160839-8016D3CD-074D-4D20-92E8-1EDEE5EA41D1
Q6160856,Jarosław Zieliński,Q108524676,PiS,,,male,1960-09-20T00:00:00Z,11,Q6160856-2143C23A-9A4D-4553-A94F-9F0F8665432D
Q61944248,Jan Szopiński,Q108524674,Lewica,,,male,1957-08-01T00:00:00Z,11,Q61944248-F38CD7C3-7FE6-45A2-9FC0-4CCF36D6A018
Q6271409,Czesław Siekierski,Q108524672,KP,,,male,1952-10-08T00:00:00Z,11,Q6271409-C33D988F-8B65-45D9-948C-3E7CBF5E19A5
Q6338599,Ryszard Galla,Q327591,bezpartyjny,,,male,1956-07-22T00:00:00Z,11,Q6338599-6CCD21D9-FC9E-416A-B97D-7984B1EDCB63
Q64141216,Władysław Teofil Bartoszewski,Q108524672,KP,,,male,1955-10-22T00:00:00Z,11,Q64141216-B2BB0F52-3B3E-4E84-A5FC-D39A463A916F
Q6440131,Krzysztof Gadowski,Q108524655,KO,,,male,1962-08-14T00:00:00Z,11,Q6440131-93206546-3E28-4895-80F5-6BC7F3871DAB
Q6440227,Krzysztof Tchórzewski,Q108524676,PiS,,,male,1950-05-19T00:00:00Z,11,Q6440227-3E17E7D2-5A4C-4E3F-965F-71C7830AF142
Q651170,Małgorzata Niemczyk,Q108524655,KO,,,female,1969-10-25T00:00:00Z,11,Q651170-F0563DE9-E42E-424B-90DE-33A8CDB3E23A
Q65162977,Agnieszka Soin,Q108524676,PiS,,,female,1977-02-09T00:00:00Z,11,Q65162977-9309FD53-038A-4771-B6D0-097BC6821276
Q65163479,Sebastian Kaleta,Q108524676,PiS,,,male,1989-07-29T00:00:00Z,11,Q65163479-AB208824-26CA-4460-BD9A-1ADE57CFD738
Q65163660,Anna Gembicka,Q108524676,PiS,,,female,1991-11-07T00:00:00Z,11,Q65163660-73F467EB-363B-404C-AB2F-3921A6DB2E8F
Q65173366,Krzysztof Janusz Kozik,Q108524676,PiS,,,male,1970-07-03T00:00:00Z,11,Q65173366-6CFA1E12-0CC9-41FA-A948-EFF9B6113B00
Q6532143,Leszek Dobrzyński,Q108524676,PiS,,,male,1967-06-05T00:00:00Z,11,Q6532143-DCBE7F8E-F0F6-4799-818B-2A51FF43F6D4
Q65953357,Anita Kucharska-Dziedzic,Q108524674,Lewica,,,female,1972-01-21T00:00:00Z,11,Q65953357-76995ADC-EB0A-44BA-999E-498F57D09E03
Q6758824,Marek Gróbarczyk,Q108524676,PiS,,,male,1968-03-13T00:00:00Z,11,Q6758824-A82FF1E6-4108-487B-AB9D-1E57F7C079B8
Q6758887,Marek Polak,Q108524676,PiS,,,male,1963-11-19T00:00:00Z,11,Q6758887-D2A86E23-72E6-40B8-877D-CA3C966FFE8E
Q6758910,Marek Suski,Q108524676,PiS,,,male,1958-06-11T00:00:00Z,11,Q6758910-3BE97F47-5FC4-4842-AE5D-69C7E6E7D7B9
Q6799365,Małgorzata Gosiewska,Q108524676,PiS,,,female,1966-07-22T00:00:00Z,11,Q6799365-193097AA-45FF-4DC8-B838-B74F7A50CC70
Q6799370,Małgorzata Kidawa-Błońska,Q108524655,KO,,,female,1957-05-05T00:00:00Z,11,Q6799370-27E61979-4A0E-4AEC-B0EC-B6B8880602DC
Q6836077,Michał Wójcik,Q108524676,PiS,,,male,1971-04-17T00:00:00Z,11,Q6836077-A859B0C3-3F34-4B33-B6AB-E2A69DF5E99D
Q6843607,Mieczysław Kasprzak,Q108524672,KP,,,male,1953-03-30T00:00:00Z,11,Q6843607-45AB3C6E-1A9A-4D1D-B6EE-A4C6FD2E2F0C
Q6874368,Mirosław Maliszewski,Q108524672,KP,,,male,1968-02-28T00:00:00Z,11,Q6874368-01958D02-74FA-47C1-A3A2-1FDE7236AF5B
Q70922688,Jan Kanthak,Q108524676,PiS,,,male,1991-01-01T00:00:00Z,9,Q70922688-B0A77930-EDD8-461E-BD7A-E259700B7929
Q70960614,Krystian Kamiński,Q108524680,Konfederacja,,,male,1983-02-09T00:00:00Z,11,Q70960614-0BA1D764-5243-423E-963F-2156D335D8A5
Q71042054,Anita Sowińska,Q108524674,Lewica,,,female,1973-07-26T00:00:00Z,11,Q71042054-1E659D02-0C4C-4BA4-B09B-E9FF94EF1249
Q71048381,Klaudia Jachira,Q108524655,KO,,,female,1988-05-31T00:00:00Z,11,Q71048381-29411423-5734-487A-87EB-A210DE546CCD
Q71056770,Magdalena Biejat,Q108524674,Lewica,,,female,1982-01-11T00:00:00Z,11,Q71056770-f017154d-4613-fc2d-34ab-d3b9b650a011
Q71062305,Maciej Kopiec,Q108524674,Lewica,,,male,1990-07-12T00:00:00Z,11,Q71062305-EF09E154-FD73-4862-8BB5-CCDB4DE5EDE0
Q71067534,Paweł Krutul,Q108524674,Lewica,,,male,1974-02-21T00:00:00Z,11,Q71067534-E2ADEB8D-43CF-4E35-8B65-5C116BF2C05D
Q71082903,Monika Falej,Q108524674,Lewica,,,female,1972-02-08T00:00:00Z,11,Q71082903-5F493C81-8DAB-45AB-8A04-7410AB93F5FD
Q71090171,Marek Rutka,Q108524674,Lewica,,,male,1975-06-12T00:00:00Z,11,Q71090171-75118F74-6806-42C7-B0AB-D4E5D402A24E
Q71104811,Katarzyna Ueberhan,Q108524674,Lewica,,,female,1975-08-26T00:00:00Z,11,Q71104811-C421C36B-7873-4C27-A272-8139112D6716
Q71120311,Robert Obaz,Q108524674,Lewica,,,male,1973-03-08T00:00:00Z,11,Q71120311-EB2C479F-5653-423A-87EE-14B69D850845
Q71121420,Krzysztof Tuduj,Q108524680,Konfederacja,,,male,1981-04-25T00:00:00Z,11,Q71121420-1B14E68D-FA4F-4501-AFBE-F274F670A3C1
Q71122649,Magdalena Łośko,Q108524655,KO,,,female,1984-08-30T00:00:00Z,11,Q71122649-CAC3BCE5-DE21-475B-A5B2-C899F1462D20
Q71160486,Katarzyna Kotula,Q108524674,Lewica,,,female,1977-02-01T00:00:00Z,11,Q71160486-a2fc45fe-4b48-c874-3510-a3d3e33cad9b
Q71180847,Daria Gosek-Popiołek,Q108524674,Lewica,,,female,1985-04-16T00:00:00Z,11,Q71180847-2667ED4B-35AD-4365-B86A-2959138F1B78
Q71193850,Stanisław Żuk,Q108524687,Kukiz15,,,male,1954-10-01T00:00:00Z,11,Q71193850-E693DFB8-99AE-497F-9548-80526E81D486
Q71214606,Krzysztof Sobolewski,Q108524676,PiS,,,male,1978-09-20T00:00:00Z,11,Q71214606-5FE0302C-EE3F-4E9C-ACE7-A37553CE25CC
Q71217265,Arkadiusz Iwaniak,Q108524674,Lewica,,,male,1974-01-29T00:00:00Z,11,Q71217265-0FDE1450-F33E-4057-96E4-F99D79C76D03
Q71222896,Paulina Matysiak,Q108524674,Lewica,,,female,1984-10-02T00:00:00Z,11,Q71222896-4A4E1157-5B27-4B3B-BC30-25E6FBB6DED9
Q71254446,Anna Dąbrowska-Banaszek,Q108524676,PiS,,,female,1961-04-14T00:00:00Z,11,Q71254446-c7665151-459f-4a2b-0342-416fe6f6611a
Q71254826,Marta Wcisło,Q108524655,KO,,,female,1969-02-26T00:00:00Z,11,Q71254826-96821a38-44e9-b835-fee0-363aba55d082
Q71256827,Bożena Żelazowska,Q108524672,KP,,,female,1970-08-23T00:00:00Z,11,Q71256827-57889bfe-41bc-3d09-ae21-41aac749cece
Q71331668,Przemysław Koperski,Q108524674,Lewica,,,male,1974-11-22T00:00:00Z,11,Q71331668-9844A67C-ACCB-4EC0-A7EB-5A72DD62CC2A
Q71419663,Riad Haidar,Q108524655,KO,Q5094681,Chełm,male,1951-08-01T00:00:00Z,11,Q71419663-be779a83-4ca6-e678-6ef9-315206426a45
Q71420500,Monika Pawłowska,Q108524679,Porozumienie,,,female,1983-06-15T00:00:00Z,11,Q71420500-59F530CD-3DB3-4255-B9E2-F5C3049F4F85
Q71420899,Beata Strzałka,Q108524676,PiS,,,female,1971-06-14T00:00:00Z,11,Q71420899-5EE0BEFB-D0EC-40E5-ABE5-9034F136A9DB
Q71421306,Tomasz Aniśko,Q108524655,KO,,,male,1963-04-07T00:00:00Z,11,Q71421306-9CD75B9B-7578-4E5F-A943-8FF3D61B2358
Q71489409,Przemysław Drabek,Q108524676,PiS,,,male,1979-10-02T00:00:00Z,11,Q71489409-B519A1CC-EDA5-48F9-B9A5-CACC18AB4756
Q71507746,Wiesław Buż,Q108524674,Lewica,,,male,1957-09-27T00:00:00Z,11,Q71507746-70DD1B3F-E3F7-4792-91A9-C193CFDDDD56
Q71513659,Patryk Wicher,Q108524676,PiS,,,male,1986-03-09T00:00:00Z,11,Q71513659-4d48e144-474e-5b72-be94-30fab8c25a99
Q71516894,Katarzyna Sójka,Q108524676,PiS,,,female,1986-05-02T00:00:00Z,11,Q71516894-C9A2F17E-C90C-42BE-AD89-C318EA41FD96
Q71528039,Stanisław Bukowiec,Q108524679,Porozumienie,,,male,1972-11-08T00:00:00Z,11,Q71528039-003E726F-04B5-4137-B010-CBA51CA2DA0A
Q7156193,Paweł Papke,Q108524655,KO,,,male,1977-02-13T00:00:00Z,11,Q7156193-723E757A-804B-4C98-B5FE-367004B5B800
Q7156196,Paweł Poncyljusz,Q108524655,KO,,,male,1969-05-18T00:00:00Z,11,Q7156196-B0B7DAC2-BE0F-4A7C-87E5-799B411B73A6
Q71599083,Konrad Frysztak,Q108524655,KO,,,male,1986-02-15T00:00:00Z,11,Q71599083-085E3A5A-A429-4AB8-8A62-E0D56B494B39
Q71638752,Piotr Sak,Q108524676,PiS,,,male,1983-05-29T00:00:00Z,11,Q71638752-406B5800-17A5-4252-B831-3E946DC2CEE8
Q71651090,Tadeusz Chrzan,Q108524676,PiS,,,male,1963-09-14T00:00:00Z,11,Q71651090-E1955490-9379-424F-B94A-A048F332315E
Q71966781,Jacek Ozdoba,Q108524676,PiS,,,male,1991-09-22T00:00:00Z,11,Q71966781-A0E9EEA0-BC44-4FE2-8630-AAB5E8BA3A09
Q71967697,Agnieszka Górska,Q108524676,PiS,,,female,1976-01-01T00:00:00Z,11,Q71967697-9B4B2696-8CBD-4A32-A012-E62EBE44B854
Q7196976,Piotr Król,Q108524676,PiS,,,male,1974-06-26T00:00:00Z,11,Q7196976-32F07868-A08C-424A-AF96-DE8B54563678
Q72084103,Iwona Hartwich,Q108524655,KO,,,female,1970-09-06T00:00:00Z,11,Q72084103-B9E12022-C821-49A7-B5DE-38FEF30BEAC8
Q72100585,Joanna Jaśkowiak,Q108524655,KO,,,female,1965-11-06T00:00:00Z,11,Q72100585-2C9C3060-208D-4D59-B662-C41FE520BE6D
Q72101024,Artur Dziambor,Q108524680,Konfederacja,,,male,1982-01-27T00:00:00Z,11,Q72101024-1BAFB9BB-F2F6-4A95-A1D7-2D01029E8159
Q72257834,Magdalena Filiks,Q108524655,KO,,,female,1978-12-08T00:00:00Z,11,Q72257834-A490EEA8-70FA-487E-9D72-3A5C2A4FB218
Q72264383,Maciej Górski,Q108524676,PiS,,,male,1983-09-23T00:00:00Z,11,Q72264383-E07C142A-8A46-44F7-8420-A5A7F381C005
Q72264741,Urszula Zielińska,Q108524655,KO,,,female,1977-10-03T00:00:00Z,11,Q72264741-D5ABCE48-ADB3-4625-BC7D-55EF7F53355E
Q72385571,Teresa Pamuła,Q108524676,PiS,,,female,1956-12-28T00:00:00Z,11,Q72385571-7fec6198-40dd-eb94-8561-7e409bc04dc6
Q72386631,Magdalena Sroka,Q108524679,Porozumienie,,,female,1979-07-15T00:00:00Z,11,Q72386631-CC31F6B9-654E-473A-9278-F88E51E5B4F0
Q72831474,Grzegorz Gaża,Q108524676,PiS,,,male,1972-02-23T00:00:00Z,11,Q72831474-91775BFD-E9B9-4D89-B659-85D8BC0A9979
Q72831660,Zdzisław Wolski,Q108524674,Lewica,,,male,1956-02-25T00:00:00Z,11,Q72831660-C47C9CD7-89F5-4CA4-8BA6-C40BFA084C6C
Q72852516,Michał Wypij,Q108524679,Porozumienie,,,male,1985-12-13T00:00:00Z,11,Q72852516-1400579B-7FC8-456A-B895-48B4B1DAE2E1
Q72920631,Tomasz Olichwer,Q108524655,KO,,,male,1964-06-18T00:00:00Z,11,Q72920631-F1AB1E65-6DF6-4D2A-B757-C1E4FF38DFFC
Q72920956,Maciej Konieczny,Q108524674,Lewica,,,male,1980-10-14T00:00:00Z,11,Q72920956-DD1CB1A6-08E3-4926-9C26-EACE5990C87C
Q72921250,Marek Wesoły,Q108524676,PiS,,,male,1972-05-03T00:00:00Z,11,Q72921250-095C3D39-49DE-43E2-AE05-BE828A7E702F
Q72921355,Mateusz Bochenek,Q108524655,KO,,,male,1993-03-12T00:00:00Z,11,Q72921355-40507BC3-1E03-4BBA-A564-8BACAFB97A62
Q72921427,Rafał Adamczyk,Q108524674,Lewica,,,male,1974-05-30T00:00:00Z,11,Q72921427-B910E3D6-18EE-431F-A98E-51244714966F
Q72922606,Katarzyna Kretkowska,Q108524674,Lewica,,,female,1958-06-07T00:00:00Z,11,Q72922606-C1F76B3C-9986-48FE-A580-47DE2BE08D0D
Q72936661,Zbigniew Ziejewski,Q108524672,KP,,,male,1958-11-28T00:00:00Z,11,Q72936661-7BFFC640-D3C9-4227-B7AA-C25BCB4FACFB
Q72936824,Marcin Kulasek,Q108524674,Lewica,Q7088700,Olsztyn,male,1976-04-04T00:00:00Z,11,Q72936824-470e095b-4dbf-3b99-a02a-ed65275c9711
Q72938214,Karolina Pawliczak,Q108524674,Lewica,Q11797368,Okręg wyborczy nr 36 do Sejmu RP,female,1976-06-25T00:00:00Z,11,Q72938214-d470eb44-4f1e-d8cd-01d7-976a5daf96df
Q72938290,Grzegorz Rusiecki,Q108524655,KO,,,male,1983-02-28T00:00:00Z,11,Q72938290-3DAEA829-15B4-4CE5-B821-39A6BA4FD87B
Q72970716,Artur Łącki,Q108524655,KO,,,male,1961-12-05T00:00:00Z,11,Q72970716-7F691503-8461-49B4-800D-DBC8965DCD32
Q72998344,Małgorzata Prokop-Paczkowska,Q108524674,Lewica,,,female,1960-08-27T00:00:00Z,11,Q72998344-CCA6027B-B1E0-4A2F-A587-A05C1A596055
Q72998798,Dariusz Wieczorek,Q108524674,Lewica,,,male,1965-05-23T00:00:00Z,11,Q72998798-E1DB0973-B804-49D9-A753-68B8161A2D34
Q73024133,Janusz Kowalski,Q108524676,PiS,,,male,1978-04-11T00:00:00Z,11,Q73024133-B5A6FA6F-9E84-47CB-8323-C20F20122A4B
Q73024367,Krzysztof Piątkowski,Q108524655,KO,,,male,1969-09-03T00:00:00Z,11,Q73024367-A319E7A2-9B63-4D9F-BBBC-F20D363BB157
Q73024554,Kacper Płażyński,Q108524676,PiS,,,male,1989-05-10T00:00:00Z,11,Q73024554-D4CC172D-B886-47BE-9045-16DBFBFB3508
Q73024817,Anna Pieczarka,Q108524676,PiS,,,female,1977-02-15T00:00:00Z,11,Q73024817-43DD3C10-5C81-476A-A298-59DC6875DBE6
Q73025004,Stefan Krajewski,Q108524672,KP,,,male,1981-06-08T00:00:00Z,11,Q73025004-9C6FF904-8DE7-4D93-BC37-8ECDB8C191B0
Q73411851,Mariusz Kałużny,Q108524676,PiS,,,male,1986-08-10T00:00:00Z,11,Q73411851-343799F5-E3F1-40DF-9DF5-6F610D1BB99D
Q73424976,Aleksander Miszalski,Q108524655,KO,,,male,1980-08-07T00:00:00Z,11,Q73424976-DA1AACAE-6408-46DC-AC9B-43DC0163575C
Q73675494,Konrad Berkowicz,Q108524680,Konfederacja,,,male,1984-05-27T00:00:00Z,11,Q73675494-EE9664C5-5E45-484C-9FFA-6759C1481EBE
Q73675982,Kazimierz Choma,Q108524676,PiS,,,male,1957-12-16T00:00:00Z,11,Q73675982-573626E8-86FD-49B0-A474-1896B07A2E91
Q73676585,Aleksandra Gajewska,Q108524655,KO,,,female,1989-08-22T00:00:00Z,11,Q73676585-0F7FDD83-DDF6-4DB1-9F1F-9DD2074FAAF9
Q73677058,Robert Gontarz,Q108524676,PiS,,,male,1993-07-02T00:00:00Z,11,Q73677058-D08CB276-7312-4972-850D-A03ECB49B2B4
Q73678705,Michał Krawczyk,Q108524655,KO,,,male,1978-03-21T00:00:00Z,11,Q73678705-96B57421-0C46-49B9-A9D1-07CF18B1934E
Q73679158,Władysław Kurowski,Q108524676,PiS,,,male,1960-04-14T00:00:00Z,11,Q73679158-C9F000C4-83EA-40A4-AB3D-6B986A8B1280
Q73679465,Beata Maciejewska,Q108524674,Lewica,,,female,1968-08-13T00:00:00Z,11,Q73679465-8E031CD3-10CE-4DC6-8025-83D3D7301C14
Q73681986,Franciszek Sterczewski,Q108524655,KO,,,male,1988-03-17T00:00:00Z,11,Q73681986-D229A4CE-1AD2-42C3-AC2C-FA8C8D42B0B3
Q73682288,Aleksandra Szczudło,Q108524676,PiS,,,female,1983-09-22T00:00:00Z,11,Q73682288-8B188458-CE6E-4864-A30F-4D995EA67130
Q73682661,Tomasz Trela,Q108524674,Lewica,,,male,1979-12-30T00:00:00Z,11,Q73682661-058A564B-E7FE-4855-8F03-B1D2A1FF002A
Q73682955,Michał Urbaniak,Q108524680,Konfederacja,,,male,1990-11-24T00:00:00Z,11,Q73682955-209CFA92-7EB4-4A6B-878F-40196AA04243
Q73683838,Anna Maria Żukowska,Q108524674,Lewica,,,female,1983-06-11T00:00:00Z,11,Q73683838-f8cf2490-400d-2cf2-402c-998b1e1c56d6
Q744579,Cezary Tomczyk,Q108524655,KO,,,male,1984-08-25T00:00:00Z,11,Q744579-A9D4BDDD-675B-450C-9CA2-818DC34622CF
Q7674543,Tadeusz Woźniak,Q108524676,PiS,,,male,1960-01-15T00:00:00Z,11,Q7674543-1E80EB3F-F9C4-4E56-A679-6818EDA2075F
Q7818431,Tomasz Lenz,Q108524655,KO,,,male,1968-12-08T00:00:00Z,11,Q7818431-FA3D4621-E003-4C79-9ADA-B3D7982F3E5F
Q7901327,Urszula Augustyn,Q108524655,KO,,,female,1964-09-01T00:00:00Z,11,Q7901327-41DA6449-B8E2-43C9-9AE1-25D81967B71D
Q7961661,Waldy Dzikowski,Q108524655,KO,,,male,1959-07-23T00:00:00Z,11,Q7961661-7317f0a4-4f93-6048-0fe3-341b2e3c7f59
Q8029156,Wojciech Szarama,Q108524676,PiS,,,male,1955-12-16T00:00:00Z,11,Q8029156-163AD84B-FFD4-49F6-9615-A05BF71D7901
Q8067731,Zbigniew Grzegorz Hoffmann,Q108524676,PiS,,,male,1963-07-05T00:00:00Z,11,Q8067731-CDC5ED3B-FC8E-40A3-8292-E2D4997C8A5B
Q807345,Barbara Bartuś,Q108524676,PiS,,,female,1967-07-03T00:00:00Z,11,Q807345-E149BA06-A6EB-4602-A732-4E258EFB759B
Q85865695,Mariusz Gosek,Q108524676,PiS,,,male,1982-08-20T00:00:00Z,11,Q85865695-58A99FBA-9C47-41A3-9FAA-AF8E1D6A54A3
Q9140620,Adam Śnieżek,Q108524676,PiS,,,male,1951-02-25T00:00:00Z,11,Q9140620-762116B9-326E-40A1-8F38-29804BF16650
Q9155500,Anna Milczanowska,Q108524676,PiS,,,female,1958-07-18T00:00:00Z,11,Q9155500-D7CAB09C-BD6B-4E94-9864-FA88A6D375AC
Q9166138,Bartosz Kownacki,Q108524676,PiS,,,male,1979-08-11T00:00:00Z,11,Q9166138-15938174-C1E1-4086-966D-D3C6D99FF3C5
Q9202040,Dariusz Joński,Q108524655,KO,,,male,1979-01-12T00:00:00Z,11,Q9202040-601C16E9-ADD4-461D-AE99-20D7B0CDDAD6
Q9202091,Dariusz Kurzawa,Q108524672,KP,,,male,1976-06-26T00:00:00Z,11,Q9202091-4A2BECAF-0B52-4FA3-8DC1-35C48B7DBD11
Q9202176,Dariusz Piontkowski,Q108524676,PiS,,,male,1964-12-17T00:00:00Z,11,Q9202176-3A31EA1F-CF76-4CA4-A5BB-FA2DEF074DDF
Q9253123,Elżbieta Gapińska,Q108524655,KO,,,female,1960-10-03T00:00:00Z,11,Q9253123-EA26B4B8-A8BD-4A19-90C2-FF4E39D68AD5
Q9253243,Elżbieta Płonka,Q108524676,PiS,,,female,1951-11-05T00:00:00Z,11,Q9253243-19EA01B0-866B-40B5-BCD2-3E41FB0B7034
Q9256656,Ewa Filipiak,Q108524676,PiS,,,female,1957-03-29T00:00:00Z,11,Q9256656-0BD96EC6-CE8E-4584-8417-DA2E63ABE152
Q9256715,Ewa Kołodziej,Q108524655,KO,,,female,1978-09-02T00:00:00Z,11,Q9256715-D3B12C42-CD98-423F-8C12-53637D4C9F2C
Q9281962,Grzegorz Matusiak,Q108524676,PiS,,,male,1961-02-24T00:00:00Z,11,Q9281962-FAED2938-4D26-412F-A143-6FA8D1A44708
Q9282037,Grzegorz Piechowiak,Q108524676,PiS,,,male,1963-09-14T00:00:00Z,11,Q9282037-123E5F5C-DD01-4D94-AF50-FDCF6F0FF942
Q9282181,Grzegorz Wojciechowski,Q108524676,PiS,,,male,1960-08-25T00:00:00Z,11,Q9282181-117D4B1E-FEF6-44FA-8AC5-AA8C8EA31F4A
Q9296852,Iwona Śledzińska-Katarasińska,Q108524655,KO,,,female,1941-01-03T00:00:00Z,11,Q9296852-1904F386-14AA-42EB-B2F6-4A2703C7959F
Q9296902,Stanisław Szwed,Q108524676,PiS,,,male,1955-04-12T00:00:00Z,11,Q9296902-EDA87EB4-9CD3-482E-8FF0-B7E15DE312C0
Q9296914,Sławomir Zawiślak,Q108524676,PiS,,,male,1963-06-09T00:00:00Z,11,Q9296914-196B0CB7-F21D-453E-AE9E-ED48E10721F3
Q9296948,Jan Łopata,Q108524672,KP,,,male,1954-08-16T00:00:00Z,11,Q9296948-588B909D-545B-4EAE-810D-94B03C41B820
Q9297870,Jerzy Polaczek,Q108524676,PiS,,,male,1961-08-24T00:00:00Z,11,Q9297870-B6A25077-17D1-4883-A565-9F9ED1A4ECBB
Q9303570,Rajmund Miller,Q108524655,KO,,,male,1954-07-16T00:00:00Z,11,Q9303570-BE223806-84A6-40B2-A6B2-0B7B3EF4563E
Q9310929,Robert Kropiwnicki,Q108524655,KO,,,male,1974-07-23T00:00:00Z,11,Q9310929-88EDCE48-0E57-4813-9686-586952BC9236
Q9310945,Robert Kwiatkowski,Q108524674,Lewica,,,male,1961-11-07T00:00:00Z,11,Q9310945-5D4C215A-8EE2-4230-BBAD-7330264BB72C
Q9311126,Robert Telus,Q108524676,PiS,,,male,1969-04-18T00:00:00Z,11,Q9311126-F76658B2-69A3-46FB-B024-E38353341828
Q9325008,Ryszard Terlecki,Q108524676,PiS,,,male,1949-09-02T00:00:00Z,11,Q9325008-8395D907-E379-41CE-9F53-BCC7E0AFD8B2
Q9325029,Ryszard Wilczyński,Q108524655,KO,,,male,1960-10-23T00:00:00Z,11,Q9325029-DFFE610C-44FE-431B-BA70-05591925B4ED
Q932772,Marek Kuchciński,Q108524676,PiS,,,male,1955-08-09T00:00:00Z,11,Q932772-F1F3B1E6-3120-4168-B3BB-6D49403A5074
Q9353185,Sławomir Neumann,Q108524655,KO,,,male,1968-04-30T00:00:00Z,11,Q9353185-C6EA0E8F-8AF1-40F3-8A90-D4E0F7639A59
Q9357376,Teresa Wargocka,Q108524676,PiS,,,female,1955-12-18T00:00:00Z,11,Q9357376-EF7B7527-17ED-4A04-8F27-92C15D068DDA
Q9359746,Tomasz Szymański,Q108524655,KO,,,male,1978-04-24T00:00:00Z,11,Q9359746-2EC2E00F-DA96-4942-9697-F7EA2AF2D8C3
Q9359824,Tomasz Zimoch,Q108524677,Polska2050,,,male,1957-10-30T00:00:00Z,11,Q9359824-7A17E52A-B9F3-4EC8-A6E1-3AB25F8AA8D4
Q9367197,Urszula Pasławska,Q108524672,KP,,,female,1977-01-28T00:00:00Z,11,Q9367197-54124F57-554F-483F-AF93-C57CA2B7BAA2
Q9370246,Waldemar Sługocki,Q108524655,KO,,,male,1971-09-09T00:00:00Z,11,Q9370246-5065B693-D00B-46CF-AC52-C18E74B5840D
Q9376605,Wojciech Kossakowski,Q108524676,PiS,,,male,1977-04-23T00:00:00Z,11,Q9376605-50E5BE1A-2EE9-46BE-8163-72FD28CF10D8
Q9376668,Wojciech Maksymowicz,Q108524677,Polska2050,,,male,1955-05-24T00:00:00Z,11,Q9376668-0367911F-A74D-4D5B-A792-E027F3147590
Q9376709,Wojciech Murdzek,Q108524676,PiS,,,male,1957-12-13T00:00:00Z,11,Q9376709-1292633D-849D-40DE-B645-031FBB29D7D4
Q9377016,Wojciech Zubowski,Q108524676,PiS,,,male,1979-11-12T00:00:00Z,11,Q9377016-B7D70B63-9E4B-4DFF-9469-99BAF81ABF13
Q9381766,Władysław Dajczak,Q108524676,PiS,,,male,1959-07-10T00:00:00Z,11,Q9381766-43BA71FA-D454-4FE0-B2B1-C1564AF105BD
Q9382607,Włodzimierz Czarzasty,Q108524674,Lewica,,,male,1960-05-03T00:00:00Z,11,Q9382607-FFEB2CFF-3A0E-4CB6-A7A2-2857FA647066
Q9382853,Włodzimierz Tomaszewski,Q108524676,PiS,,,male,1956-11-16T00:00:00Z,11,Q9382853-F50BAE8A-BC05-44A7-89F0-22B276B5710C
Q9388028,Zbigniew Konwiński,Q108524655,KO,,,male,1974-03-24T00:00:00Z,11,Q9388028-D9D0F850-929E-44B0-A8B8-57A3B2BF43ED
Q9388252,Zbigniew Rau,Q108524676,PiS,Q8081135,Łódź,male,1955-02-03T00:00:00Z,11,Q9388252-a519494e-4497-056c-7d3e-9d1f35503ce7
Q9391730,Zofia Czernow,Q108524655,KO,,,female,1950-09-30T00:00:00Z,11,Q9391730-C020652C-246C-428F-A5BC-77C2B167EC3B
Q941664,Eugeniusz Czykwin,Q108524655,KO,,,male,1949-09-12T00:00:00Z,11,Q941664-a9733fea-4cac-b286-3856-08c89f5aa18c
Q943067,Sławomir Nitras,Q108524655,KO,,,male,1973-04-26T00:00:00Z,11,Q943067-00E2E960-4AA0-49C8-B4ED-C569C01B53D9
Q984160,Tomasz Siemoniak,Q108524655,KO,,,male,1967-07-02T00:00:00Z,11,Q984160-3D7F6771-0979-4393-84D0-B60FBBF98550
Q24840,Jagna Marczułajtis-Walczak,Q108524655,KO,,,female,1978-12-15T00:00:00Z,11,Q24840-0D08DEAF-69FF-44DD-9775-3E2FF2674B5C
Q55390,Paweł Kukiz,Q108524687,Kukiz15,,,male,1963-06-24T00:00:00Z,11,Q55390-FAF75CC9-454A-4837-92C0-F5FF3C817D32
Q55917,Jarosław Kaczyński,Q108524676,PiS,,,male,1949-06-18T00:00:00Z,11,Q55917-3DFCA89F-2A46-471F-B64F-A21580D7D775
